Archivo de entrada;Archivo de salida;Nombre del algoritmo;Tamano del arreglo;Caracteristica del arreglo;Resultado correcto;Tiempo;Memoria usada
10000000_aleatorio_D1_a.txt;10000000_aleatorio_D1_a_merge_sort_out.txt;merge_sort;10000000;aleatorio;si;1855;40366080
10000000_aleatorio_D1_a.txt;10000000_aleatorio_D1_a_quick_sort_out.txt;quick_sort;10000000;aleatorio;si;240;16384
10000000_aleatorio_D1_a.txt;10000000_aleatorio_D1_a_patience_sort_out.txt;patience_sort;10000000;aleatorio;si;574;40112128
10000000_aleatorio_D1_a.txt;10000000_aleatorio_D1_a_std_sort_out.txt;std_sort;10000000;aleatorio;si;340;40017920
10000000_aleatorio_D1_b.txt;10000000_aleatorio_D1_b_merge_sort_out.txt;merge_sort;10000000;aleatorio;si;1866;40054784
10000000_aleatorio_D1_b.txt;10000000_aleatorio_D1_b_quick_sort_out.txt;quick_sort;10000000;aleatorio;si;245;16384
10000000_aleatorio_D1_b.txt;10000000_aleatorio_D1_b_patience_sort_out.txt;patience_sort;10000000;aleatorio;si;482;43556864
10000000_aleatorio_D1_b.txt;10000000_aleatorio_D1_b_std_sort_out.txt;std_sort;10000000;aleatorio;si;391;40017920
10000000_aleatorio_D1_c.txt;10000000_aleatorio_D1_c_merge_sort_out.txt;merge_sort;10000000;aleatorio;si;2001;40022016
10000000_aleatorio_D1_c.txt;10000000_aleatorio_D1_c_quick_sort_out.txt;quick_sort;10000000;aleatorio;si;228;20480
10000000_aleatorio_D1_c.txt;10000000_aleatorio_D1_c_patience_sort_out.txt;patience_sort;10000000;aleatorio;si;584;39776256
10000000_aleatorio_D1_c.txt;10000000_aleatorio_D1_c_std_sort_out.txt;std_sort;10000000;aleatorio;si;293;40017920
10000000_aleatorio_D7_a.txt;10000000_aleatorio_D7_a_merge_sort_out.txt;merge_sort;10000000;aleatorio;si;2863;40017920
10000000_aleatorio_D7_a.txt;10000000_aleatorio_D7_a_quick_sort_out.txt;quick_sort;10000000;aleatorio;si;1615;16384
10000000_aleatorio_D7_a.txt;10000000_aleatorio_D7_a_patience_sort_out.txt;patience_sort;10000000;aleatorio;si;3411;70598656
10000000_aleatorio_D7_a.txt;10000000_aleatorio_D7_a_std_sort_out.txt;std_sort;10000000;aleatorio;si;1363;40017920
10000000_aleatorio_D7_b.txt;10000000_aleatorio_D7_b_merge_sort_out.txt;merge_sort;10000000;aleatorio;si;2761;41197568
10000000_aleatorio_D7_b.txt;10000000_aleatorio_D7_b_quick_sort_out.txt;quick_sort;10000000;aleatorio;si;1640;16384
10000000_aleatorio_D7_b.txt;10000000_aleatorio_D7_b_patience_sort_out.txt;patience_sort;10000000;aleatorio;si;3159;68882432
10000000_aleatorio_D7_b.txt;10000000_aleatorio_D7_b_std_sort_out.txt;std_sort;10000000;aleatorio;si;1264;40034304
10000000_aleatorio_D7_c.txt;10000000_aleatorio_D7_c_merge_sort_out.txt;merge_sort;10000000;aleatorio;si;3012;40017920
10000000_aleatorio_D7_c.txt;10000000_aleatorio_D7_c_quick_sort_out.txt;quick_sort;10000000;aleatorio;si;1623;16384
10000000_aleatorio_D7_c.txt;10000000_aleatorio_D7_c_patience_sort_out.txt;patience_sort;10000000;aleatorio;si;3414;69795840
10000000_aleatorio_D7_c.txt;10000000_aleatorio_D7_c_std_sort_out.txt;std_sort;10000000;aleatorio;si;1272;40017920
10000000_ascendente_D1_a.txt;10000000_ascendente_D1_a_merge_sort_out.txt;merge_sort;10000000;ordenado;si;1422;40017920
10000000_ascendente_D1_a.txt;10000000_ascendente_D1_a_quick_sort_out.txt;quick_sort;10000000;ordenado;si;52;16384
10000000_ascendente_D1_a.txt;10000000_ascendente_D1_a_patience_sort_out.txt;patience_sort;10000000;ordenado;si;290;38264832
10000000_ascendente_D1_a.txt;10000000_ascendente_D1_a_std_sort_out.txt;std_sort;10000000;ordenado;si;171;40017920
10000000_ascendente_D1_b.txt;10000000_ascendente_D1_b_merge_sort_out.txt;merge_sort;10000000;ordenado;si;1427;40017920
10000000_ascendente_D1_b.txt;10000000_ascendente_D1_b_quick_sort_out.txt;quick_sort;10000000;ordenado;si;39;16384
10000000_ascendente_D1_b.txt;10000000_ascendente_D1_b_patience_sort_out.txt;patience_sort;10000000;ordenado;si;221;37244928
10000000_ascendente_D1_b.txt;10000000_ascendente_D1_b_std_sort_out.txt;std_sort;10000000;ordenado;si;184;40017920
10000000_ascendente_D1_c.txt;10000000_ascendente_D1_c_merge_sort_out.txt;merge_sort;10000000;ordenado;si;1448;40017920
10000000_ascendente_D1_c.txt;10000000_ascendente_D1_c_quick_sort_out.txt;quick_sort;10000000;ordenado;si;53;16384
10000000_ascendente_D1_c.txt;10000000_ascendente_D1_c_patience_sort_out.txt;patience_sort;10000000;ordenado;si;282;40505344
10000000_ascendente_D1_c.txt;10000000_ascendente_D1_c_std_sort_out.txt;std_sort;10000000;ordenado;si;157;40017920
10000000_ascendente_D7_a.txt;10000000_ascendente_D7_a_merge_sort_out.txt;merge_sort;10000000;ordenado;si;1513;39186432
10000000_ascendente_D7_a.txt;10000000_ascendente_D7_a_quick_sort_out.txt;quick_sort;10000000;ordenado;si;17333;16384
10000000_ascendente_D7_a.txt;10000000_ascendente_D7_a_patience_sort_out.txt;patience_sort;10000000;ordenado;si;2534;335667200
10000000_ascendente_D7_a.txt;10000000_ascendente_D7_a_std_sort_out.txt;std_sort;10000000;ordenado;si;224;40017920
10000000_ascendente_D7_b.txt;10000000_ascendente_D7_b_merge_sort_out.txt;merge_sort;10000000;ordenado;si;1916;40017920
10000000_ascendente_D7_b.txt;10000000_ascendente_D7_b_quick_sort_out.txt;quick_sort;10000000;ordenado;si;17184;16384
10000000_ascendente_D7_b.txt;10000000_ascendente_D7_b_patience_sort_out.txt;patience_sort;10000000;ordenado;si;3000;335568896
10000000_ascendente_D7_b.txt;10000000_ascendente_D7_b_std_sort_out.txt;std_sort;10000000;ordenado;si;205;40017920
10000000_ascendente_D7_c.txt;10000000_ascendente_D7_c_merge_sort_out.txt;merge_sort;10000000;ordenado;si;1394;40116224
10000000_ascendente_D7_c.txt;10000000_ascendente_D7_c_quick_sort_out.txt;quick_sort;10000000;ordenado;si;16586;16384
10000000_ascendente_D7_c.txt;10000000_ascendente_D7_c_patience_sort_out.txt;patience_sort;10000000;ordenado;si;3783;335433728
10000000_ascendente_D7_c.txt;10000000_ascendente_D7_c_std_sort_out.txt;std_sort;10000000;ordenado;si;247;40017920
10000000_descendente_D1_a.txt;10000000_descendente_D1_a_merge_sort_out.txt;merge_sort;10000000;decrecientemente;si;1359;40017920
10000000_descendente_D1_a.txt;10000000_descendente_D1_a_quick_sort_out.txt;quick_sort;10000000;decrecientemente;si;37;16384
10000000_descendente_D1_a.txt;10000000_descendente_D1_a_patience_sort_out.txt;patience_sort;10000000;decrecientemente;si;178;67133440
10000000_descendente_D1_a.txt;10000000_descendente_D1_a_std_sort_out.txt;std_sort;10000000;decrecientemente;si;151;40017920
10000000_descendente_D1_b.txt;10000000_descendente_D1_b_merge_sort_out.txt;merge_sort;10000000;decrecientemente;si;1371;40017920
10000000_descendente_D1_b.txt;10000000_descendente_D1_b_quick_sort_out.txt;quick_sort;10000000;decrecientemente;si;42;16384
10000000_descendente_D1_b.txt;10000000_descendente_D1_b_patience_sort_out.txt;patience_sort;10000000;decrecientemente;si;215;67133440
10000000_descendente_D1_b.txt;10000000_descendente_D1_b_std_sort_out.txt;std_sort;10000000;decrecientemente;si;135;40017920
10000000_descendente_D1_c.txt;10000000_descendente_D1_c_merge_sort_out.txt;merge_sort;10000000;decrecientemente;si;1387;40017920
10000000_descendente_D1_c.txt;10000000_descendente_D1_c_quick_sort_out.txt;quick_sort;10000000;decrecientemente;si;31;16384
10000000_descendente_D1_c.txt;10000000_descendente_D1_c_patience_sort_out.txt;patience_sort;10000000;decrecientemente;si;191;67133440
10000000_descendente_D1_c.txt;10000000_descendente_D1_c_std_sort_out.txt;std_sort;10000000;decrecientemente;si;132;40017920
10000000_descendente_D7_a.txt;10000000_descendente_D7_a_merge_sort_out.txt;merge_sort;10000000;decrecientemente;si;1515;40017920
10000000_descendente_D7_a.txt;10000000_descendente_D7_a_quick_sort_out.txt;quick_sort;10000000;decrecientemente;si;11872;16384
10000000_descendente_D7_a.txt;10000000_descendente_D7_a_patience_sort_out.txt;patience_sort;10000000;decrecientemente;si;194;67133440
10000000_descendente_D7_a.txt;10000000_descendente_D7_a_std_sort_out.txt;std_sort;10000000;decrecientemente;si;198;40017920
10000000_descendente_D7_b.txt;10000000_descendente_D7_b_merge_sort_out.txt;merge_sort;10000000;decrecientemente;si;1518;40017920
10000000_descendente_D7_b.txt;10000000_descendente_D7_b_quick_sort_out.txt;quick_sort;10000000;decrecientemente;si;12014;16384
10000000_descendente_D7_b.txt;10000000_descendente_D7_b_patience_sort_out.txt;patience_sort;10000000;decrecientemente;si;169;67133440
10000000_descendente_D7_b.txt;10000000_descendente_D7_b_std_sort_out.txt;std_sort;10000000;decrecientemente;si;231;40017920
10000000_descendente_D7_c.txt;10000000_descendente_D7_c_merge_sort_out.txt;merge_sort;10000000;decrecientemente;si;1516;40017920
10000000_descendente_D7_c.txt;10000000_descendente_D7_c_quick_sort_out.txt;quick_sort;10000000;decrecientemente;si;12205;16384
10000000_descendente_D7_c.txt;10000000_descendente_D7_c_patience_sort_out.txt;patience_sort;10000000;decrecientemente;si;216;67133440
10000000_descendente_D7_c.txt;10000000_descendente_D7_c_std_sort_out.txt;std_sort;10000000;decrecientemente;si;206;40017920
100000_aleatorio_D1_a.txt;100000_aleatorio_D1_a_merge_sort_out.txt;merge_sort;100000;aleatorio;si;19;16384
100000_aleatorio_D1_a.txt;100000_aleatorio_D1_a_quick_sort_out.txt;quick_sort;100000;aleatorio;si;2;16384
100000_aleatorio_D1_a.txt;100000_aleatorio_D1_a_patience_sort_out.txt;patience_sort;100000;aleatorio;si;11;20480
100000_aleatorio_D1_a.txt;100000_aleatorio_D1_a_std_sort_out.txt;std_sort;100000;aleatorio;si;5;16384
100000_aleatorio_D1_b.txt;100000_aleatorio_D1_b_merge_sort_out.txt;merge_sort;100000;aleatorio;si;25;16384
100000_aleatorio_D1_b.txt;100000_aleatorio_D1_b_quick_sort_out.txt;quick_sort;100000;aleatorio;si;2;16384
100000_aleatorio_D1_b.txt;100000_aleatorio_D1_b_patience_sort_out.txt;patience_sort;100000;aleatorio;si;9;16384
100000_aleatorio_D1_b.txt;100000_aleatorio_D1_b_std_sort_out.txt;std_sort;100000;aleatorio;si;5;16384
100000_aleatorio_D1_c.txt;100000_aleatorio_D1_c_merge_sort_out.txt;merge_sort;100000;aleatorio;si;24;16384
100000_aleatorio_D1_c.txt;100000_aleatorio_D1_c_quick_sort_out.txt;quick_sort;100000;aleatorio;si;1;16384
100000_aleatorio_D1_c.txt;100000_aleatorio_D1_c_patience_sort_out.txt;patience_sort;100000;aleatorio;si;6;16384
100000_aleatorio_D1_c.txt;100000_aleatorio_D1_c_std_sort_out.txt;std_sort;100000;aleatorio;si;3;16384
100000_aleatorio_D7_a.txt;100000_aleatorio_D7_a_merge_sort_out.txt;merge_sort;100000;aleatorio;si;30;16384
100000_aleatorio_D7_a.txt;100000_aleatorio_D7_a_quick_sort_out.txt;quick_sort;100000;aleatorio;si;11;16384
100000_aleatorio_D7_a.txt;100000_aleatorio_D7_a_patience_sort_out.txt;patience_sort;100000;aleatorio;si;27;53248
100000_aleatorio_D7_a.txt;100000_aleatorio_D7_a_std_sort_out.txt;std_sort;100000;aleatorio;si;8;16384
100000_aleatorio_D7_b.txt;100000_aleatorio_D7_b_merge_sort_out.txt;merge_sort;100000;aleatorio;si;28;16384
100000_aleatorio_D7_b.txt;100000_aleatorio_D7_b_quick_sort_out.txt;quick_sort;100000;aleatorio;si;15;16384
100000_aleatorio_D7_b.txt;100000_aleatorio_D7_b_patience_sort_out.txt;patience_sort;100000;aleatorio;si;33;163840
100000_aleatorio_D7_b.txt;100000_aleatorio_D7_b_std_sort_out.txt;std_sort;100000;aleatorio;si;9;16384
100000_aleatorio_D7_c.txt;100000_aleatorio_D7_c_merge_sort_out.txt;merge_sort;100000;aleatorio;si;27;16384
100000_aleatorio_D7_c.txt;100000_aleatorio_D7_c_quick_sort_out.txt;quick_sort;100000;aleatorio;si;14;16384
100000_aleatorio_D7_c.txt;100000_aleatorio_D7_c_patience_sort_out.txt;patience_sort;100000;aleatorio;si;30;24576
100000_aleatorio_D7_c.txt;100000_aleatorio_D7_c_std_sort_out.txt;std_sort;100000;aleatorio;si;11;16384
100000_ascendente_D1_a.txt;100000_ascendente_D1_a_merge_sort_out.txt;merge_sort;100000;ordenado;si;12;16384
100000_ascendente_D1_a.txt;100000_ascendente_D1_a_quick_sort_out.txt;quick_sort;100000;ordenado;si;0;16384
100000_ascendente_D1_a.txt;100000_ascendente_D1_a_patience_sort_out.txt;patience_sort;100000;ordenado;si;2;16384
100000_ascendente_D1_a.txt;100000_ascendente_D1_a_std_sort_out.txt;std_sort;100000;ordenado;si;1;16384
100000_ascendente_D1_b.txt;100000_ascendente_D1_b_merge_sort_out.txt;merge_sort;100000;ordenado;si;16;16384
100000_ascendente_D1_b.txt;100000_ascendente_D1_b_quick_sort_out.txt;quick_sort;100000;ordenado;si;0;16384
100000_ascendente_D1_b.txt;100000_ascendente_D1_b_patience_sort_out.txt;patience_sort;100000;ordenado;si;2;16384
100000_ascendente_D1_b.txt;100000_ascendente_D1_b_std_sort_out.txt;std_sort;100000;ordenado;si;1;16384
100000_ascendente_D1_c.txt;100000_ascendente_D1_c_merge_sort_out.txt;merge_sort;100000;ordenado;si;25;16384
100000_ascendente_D1_c.txt;100000_ascendente_D1_c_quick_sort_out.txt;quick_sort;100000;ordenado;si;0;16384
100000_ascendente_D1_c.txt;100000_ascendente_D1_c_patience_sort_out.txt;patience_sort;100000;ordenado;si;3;16384
100000_ascendente_D1_c.txt;100000_ascendente_D1_c_std_sort_out.txt;std_sort;100000;ordenado;si;1;16384
100000_ascendente_D7_a.txt;100000_ascendente_D7_a_merge_sort_out.txt;merge_sort;100000;ordenado;si;14;16384
100000_ascendente_D7_a.txt;100000_ascendente_D7_a_quick_sort_out.txt;quick_sort;100000;ordenado;si;25;16384
100000_ascendente_D7_a.txt;100000_ascendente_D7_a_patience_sort_out.txt;patience_sort;100000;ordenado;si;34;3321856
100000_ascendente_D7_a.txt;100000_ascendente_D7_a_std_sort_out.txt;std_sort;100000;ordenado;si;2;16384
100000_ascendente_D7_b.txt;100000_ascendente_D7_b_merge_sort_out.txt;merge_sort;100000;ordenado;si;18;16384
100000_ascendente_D7_b.txt;100000_ascendente_D7_b_quick_sort_out.txt;quick_sort;100000;ordenado;si;20;16384
100000_ascendente_D7_b.txt;100000_ascendente_D7_b_patience_sort_out.txt;patience_sort;100000;ordenado;si;27;3428352
100000_ascendente_D7_b.txt;100000_ascendente_D7_b_std_sort_out.txt;std_sort;100000;ordenado;si;1;16384
100000_ascendente_D7_c.txt;100000_ascendente_D7_c_merge_sort_out.txt;merge_sort;100000;ordenado;si;14;16384
100000_ascendente_D7_c.txt;100000_ascendente_D7_c_quick_sort_out.txt;quick_sort;100000;ordenado;si;33;16384
100000_ascendente_D7_c.txt;100000_ascendente_D7_c_patience_sort_out.txt;patience_sort;100000;ordenado;si;36;3276800
100000_ascendente_D7_c.txt;100000_ascendente_D7_c_std_sort_out.txt;std_sort;100000;ordenado;si;1;16384
100000_descendente_D1_a.txt;100000_descendente_D1_a_merge_sort_out.txt;merge_sort;100000;decrecientemente;si;14;16384
100000_descendente_D1_a.txt;100000_descendente_D1_a_quick_sort_out.txt;quick_sort;100000;decrecientemente;si;0;16384
100000_descendente_D1_a.txt;100000_descendente_D1_a_patience_sort_out.txt;patience_sort;100000;decrecientemente;si;2;16384
100000_descendente_D1_a.txt;100000_descendente_D1_a_std_sort_out.txt;std_sort;100000;decrecientemente;si;2;16384
100000_descendente_D1_b.txt;100000_descendente_D1_b_merge_sort_out.txt;merge_sort;100000;decrecientemente;si;18;16384
100000_descendente_D1_b.txt;100000_descendente_D1_b_quick_sort_out.txt;quick_sort;100000;decrecientemente;si;0;16384
100000_descendente_D1_b.txt;100000_descendente_D1_b_patience_sort_out.txt;patience_sort;100000;decrecientemente;si;2;16384
100000_descendente_D1_b.txt;100000_descendente_D1_b_std_sort_out.txt;std_sort;100000;decrecientemente;si;1;16384
100000_descendente_D1_c.txt;100000_descendente_D1_c_merge_sort_out.txt;merge_sort;100000;decrecientemente;si;20;16384
100000_descendente_D1_c.txt;100000_descendente_D1_c_quick_sort_out.txt;quick_sort;100000;decrecientemente;si;0;16384
100000_descendente_D1_c.txt;100000_descendente_D1_c_patience_sort_out.txt;patience_sort;100000;decrecientemente;si;2;16384
100000_descendente_D1_c.txt;100000_descendente_D1_c_std_sort_out.txt;std_sort;100000;decrecientemente;si;1;16384
100000_descendente_D7_a.txt;100000_descendente_D7_a_merge_sort_out.txt;merge_sort;100000;decrecientemente;si;17;16384
100000_descendente_D7_a.txt;100000_descendente_D7_a_quick_sort_out.txt;quick_sort;100000;decrecientemente;si;16;16384
100000_descendente_D7_a.txt;100000_descendente_D7_a_patience_sort_out.txt;patience_sort;100000;decrecientemente;si;1;16384
100000_descendente_D7_a.txt;100000_descendente_D7_a_std_sort_out.txt;std_sort;100000;decrecientemente;si;1;16384
100000_descendente_D7_b.txt;100000_descendente_D7_b_merge_sort_out.txt;merge_sort;100000;decrecientemente;si;11;16384
100000_descendente_D7_b.txt;100000_descendente_D7_b_quick_sort_out.txt;quick_sort;100000;decrecientemente;si;14;16384
100000_descendente_D7_b.txt;100000_descendente_D7_b_patience_sort_out.txt;patience_sort;100000;decrecientemente;si;1;16384
100000_descendente_D7_b.txt;100000_descendente_D7_b_std_sort_out.txt;std_sort;100000;decrecientemente;si;1;16384
100000_descendente_D7_c.txt;100000_descendente_D7_c_merge_sort_out.txt;merge_sort;100000;decrecientemente;si;12;16384
100000_descendente_D7_c.txt;100000_descendente_D7_c_quick_sort_out.txt;quick_sort;100000;decrecientemente;si;23;16384
100000_descendente_D7_c.txt;100000_descendente_D7_c_patience_sort_out.txt;patience_sort;100000;decrecientemente;si;0;16384
100000_descendente_D7_c.txt;100000_descendente_D7_c_std_sort_out.txt;std_sort;100000;decrecientemente;si;1;16384
1000_aleatorio_D1_a.txt;1000_aleatorio_D1_a_merge_sort_out.txt;merge_sort;1000;aleatorio;si;0;16384
1000_aleatorio_D1_a.txt;1000_aleatorio_D1_a_quick_sort_out.txt;quick_sort;1000;aleatorio;si;0;12288
1000_aleatorio_D1_a.txt;1000_aleatorio_D1_a_patience_sort_out.txt;patience_sort;1000;aleatorio;si;0;16384
1000_aleatorio_D1_a.txt;1000_aleatorio_D1_a_std_sort_out.txt;std_sort;1000;aleatorio;si;0;16384
1000_aleatorio_D1_b.txt;1000_aleatorio_D1_b_merge_sort_out.txt;merge_sort;1000;aleatorio;si;0;16384
1000_aleatorio_D1_b.txt;1000_aleatorio_D1_b_quick_sort_out.txt;quick_sort;1000;aleatorio;si;0;8192
1000_aleatorio_D1_b.txt;1000_aleatorio_D1_b_patience_sort_out.txt;patience_sort;1000;aleatorio;si;0;16384
1000_aleatorio_D1_b.txt;1000_aleatorio_D1_b_std_sort_out.txt;std_sort;1000;aleatorio;si;0;16384
1000_aleatorio_D1_c.txt;1000_aleatorio_D1_c_merge_sort_out.txt;merge_sort;1000;aleatorio;si;0;16384
1000_aleatorio_D1_c.txt;1000_aleatorio_D1_c_quick_sort_out.txt;quick_sort;1000;aleatorio;si;0;12288
1000_aleatorio_D1_c.txt;1000_aleatorio_D1_c_patience_sort_out.txt;patience_sort;1000;aleatorio;si;0;12288
1000_aleatorio_D1_c.txt;1000_aleatorio_D1_c_std_sort_out.txt;std_sort;1000;aleatorio;si;0;12288
1000_aleatorio_D7_a.txt;1000_aleatorio_D7_a_merge_sort_out.txt;merge_sort;1000;aleatorio;si;0;16384
1000_aleatorio_D7_a.txt;1000_aleatorio_D7_a_quick_sort_out.txt;quick_sort;1000;aleatorio;si;0;16384
1000_aleatorio_D7_a.txt;1000_aleatorio_D7_a_patience_sort_out.txt;patience_sort;1000;aleatorio;si;0;16384
1000_aleatorio_D7_a.txt;1000_aleatorio_D7_a_std_sort_out.txt;std_sort;1000;aleatorio;si;0;16384
1000_aleatorio_D7_b.txt;1000_aleatorio_D7_b_merge_sort_out.txt;merge_sort;1000;aleatorio;si;0;16384
1000_aleatorio_D7_b.txt;1000_aleatorio_D7_b_quick_sort_out.txt;quick_sort;1000;aleatorio;si;0;16384
1000_aleatorio_D7_b.txt;1000_aleatorio_D7_b_patience_sort_out.txt;patience_sort;1000;aleatorio;si;0;16384
1000_aleatorio_D7_b.txt;1000_aleatorio_D7_b_std_sort_out.txt;std_sort;1000;aleatorio;si;0;16384
1000_aleatorio_D7_c.txt;1000_aleatorio_D7_c_merge_sort_out.txt;merge_sort;1000;aleatorio;si;0;16384
1000_aleatorio_D7_c.txt;1000_aleatorio_D7_c_quick_sort_out.txt;quick_sort;1000;aleatorio;si;0;16384
1000_aleatorio_D7_c.txt;1000_aleatorio_D7_c_patience_sort_out.txt;patience_sort;1000;aleatorio;si;0;16384
1000_aleatorio_D7_c.txt;1000_aleatorio_D7_c_std_sort_out.txt;std_sort;1000;aleatorio;si;0;12288
1000_ascendente_D1_a.txt;1000_ascendente_D1_a_merge_sort_out.txt;merge_sort;1000;ordenado;si;0;16384
1000_ascendente_D1_a.txt;1000_ascendente_D1_a_quick_sort_out.txt;quick_sort;1000;ordenado;si;0;8192
1000_ascendente_D1_a.txt;1000_ascendente_D1_a_patience_sort_out.txt;patience_sort;1000;ordenado;si;0;16384
1000_ascendente_D1_a.txt;1000_ascendente_D1_a_std_sort_out.txt;std_sort;1000;ordenado;si;0;8192
1000_ascendente_D1_b.txt;1000_ascendente_D1_b_merge_sort_out.txt;merge_sort;1000;ordenado;si;0;16384
1000_ascendente_D1_b.txt;1000_ascendente_D1_b_quick_sort_out.txt;quick_sort;1000;ordenado;si;0;8192
1000_ascendente_D1_b.txt;1000_ascendente_D1_b_patience_sort_out.txt;patience_sort;1000;ordenado;si;0;16384
1000_ascendente_D1_b.txt;1000_ascendente_D1_b_std_sort_out.txt;std_sort;1000;ordenado;si;0;12288
1000_ascendente_D1_c.txt;1000_ascendente_D1_c_merge_sort_out.txt;merge_sort;1000;ordenado;si;0;16384
1000_ascendente_D1_c.txt;1000_ascendente_D1_c_quick_sort_out.txt;quick_sort;1000;ordenado;si;0;8192
1000_ascendente_D1_c.txt;1000_ascendente_D1_c_patience_sort_out.txt;patience_sort;1000;ordenado;si;0;12288
1000_ascendente_D1_c.txt;1000_ascendente_D1_c_std_sort_out.txt;std_sort;1000;ordenado;si;0;12288
1000_ascendente_D7_a.txt;1000_ascendente_D7_a_merge_sort_out.txt;merge_sort;1000;ordenado;si;0;16384
1000_ascendente_D7_a.txt;1000_ascendente_D7_a_quick_sort_out.txt;quick_sort;1000;ordenado;si;0;16384
1000_ascendente_D7_a.txt;1000_ascendente_D7_a_patience_sort_out.txt;patience_sort;1000;ordenado;si;0;16384
1000_ascendente_D7_a.txt;1000_ascendente_D7_a_std_sort_out.txt;std_sort;1000;ordenado;si;0;8192
1000_ascendente_D7_b.txt;1000_ascendente_D7_b_merge_sort_out.txt;merge_sort;1000;ordenado;si;0;16384
1000_ascendente_D7_b.txt;1000_ascendente_D7_b_quick_sort_out.txt;quick_sort;1000;ordenado;si;0;16384
1000_ascendente_D7_b.txt;1000_ascendente_D7_b_patience_sort_out.txt;patience_sort;1000;ordenado;si;0;16384
1000_ascendente_D7_b.txt;1000_ascendente_D7_b_std_sort_out.txt;std_sort;1000;ordenado;si;0;8192
1000_ascendente_D7_c.txt;1000_ascendente_D7_c_merge_sort_out.txt;merge_sort;1000;ordenado;si;0;16384
1000_ascendente_D7_c.txt;1000_ascendente_D7_c_quick_sort_out.txt;quick_sort;1000;ordenado;si;0;16384
1000_ascendente_D7_c.txt;1000_ascendente_D7_c_patience_sort_out.txt;patience_sort;1000;ordenado;si;0;16384
1000_ascendente_D7_c.txt;1000_ascendente_D7_c_std_sort_out.txt;std_sort;1000;ordenado;si;0;12288
1000_descendente_D1_a.txt;1000_descendente_D1_a_merge_sort_out.txt;merge_sort;1000;decrecientemente;si;0;16384
1000_descendente_D1_a.txt;1000_descendente_D1_a_quick_sort_out.txt;quick_sort;1000;decrecientemente;si;0;8192
1000_descendente_D1_a.txt;1000_descendente_D1_a_patience_sort_out.txt;patience_sort;1000;decrecientemente;si;0;12288
1000_descendente_D1_a.txt;1000_descendente_D1_a_std_sort_out.txt;std_sort;1000;decrecientemente;si;0;12288
1000_descendente_D1_b.txt;1000_descendente_D1_b_merge_sort_out.txt;merge_sort;1000;decrecientemente;si;0;16384
1000_descendente_D1_b.txt;1000_descendente_D1_b_quick_sort_out.txt;quick_sort;1000;decrecientemente;si;0;12288
1000_descendente_D1_b.txt;1000_descendente_D1_b_patience_sort_out.txt;patience_sort;1000;decrecientemente;si;0;12288
1000_descendente_D1_b.txt;1000_descendente_D1_b_std_sort_out.txt;std_sort;1000;decrecientemente;si;0;12288
1000_descendente_D1_c.txt;1000_descendente_D1_c_merge_sort_out.txt;merge_sort;1000;decrecientemente;si;0;16384
1000_descendente_D1_c.txt;1000_descendente_D1_c_quick_sort_out.txt;quick_sort;1000;decrecientemente;si;0;12288
1000_descendente_D1_c.txt;1000_descendente_D1_c_patience_sort_out.txt;patience_sort;1000;decrecientemente;si;0;12288
1000_descendente_D1_c.txt;1000_descendente_D1_c_std_sort_out.txt;std_sort;1000;decrecientemente;si;0;8192
1000_descendente_D7_a.txt;1000_descendente_D7_a_merge_sort_out.txt;merge_sort;1000;decrecientemente;si;0;16384
1000_descendente_D7_a.txt;1000_descendente_D7_a_quick_sort_out.txt;quick_sort;1000;decrecientemente;si;0;8192
1000_descendente_D7_a.txt;1000_descendente_D7_a_patience_sort_out.txt;patience_sort;1000;decrecientemente;si;0;16384
1000_descendente_D7_a.txt;1000_descendente_D7_a_std_sort_out.txt;std_sort;1000;decrecientemente;si;0;16384
1000_descendente_D7_b.txt;1000_descendente_D7_b_merge_sort_out.txt;merge_sort;1000;decrecientemente;si;0;16384
1000_descendente_D7_b.txt;1000_descendente_D7_b_quick_sort_out.txt;quick_sort;1000;decrecientemente;si;0;8192
1000_descendente_D7_b.txt;1000_descendente_D7_b_patience_sort_out.txt;patience_sort;1000;decrecientemente;si;0;12288
1000_descendente_D7_b.txt;1000_descendente_D7_b_std_sort_out.txt;std_sort;1000;decrecientemente;si;0;12288
1000_descendente_D7_c.txt;1000_descendente_D7_c_merge_sort_out.txt;merge_sort;1000;decrecientemente;si;0;16384
1000_descendente_D7_c.txt;1000_descendente_D7_c_quick_sort_out.txt;quick_sort;1000;decrecientemente;si;0;8192
1000_descendente_D7_c.txt;1000_descendente_D7_c_patience_sort_out.txt;patience_sort;1000;decrecientemente;si;0;12288
1000_descendente_D7_c.txt;1000_descendente_D7_c_std_sort_out.txt;std_sort;1000;decrecientemente;si;0;8192
10_aleatorio_D1_a.txt;10_aleatorio_D1_a_merge_sort_out.txt;merge_sort;10;aleatorio;si;0;8192
10_aleatorio_D1_a.txt;10_aleatorio_D1_a_quick_sort_out.txt;quick_sort;10;aleatorio;si;0;8192
10_aleatorio_D1_a.txt;10_aleatorio_D1_a_patience_sort_out.txt;patience_sort;10;aleatorio;si;0;8192
10_aleatorio_D1_a.txt;10_aleatorio_D1_a_std_sort_out.txt;std_sort;10;aleatorio;si;0;8192
10_aleatorio_D1_b.txt;10_aleatorio_D1_b_merge_sort_out.txt;merge_sort;10;aleatorio;si;0;12288
10_aleatorio_D1_b.txt;10_aleatorio_D1_b_quick_sort_out.txt;quick_sort;10;aleatorio;si;0;8192
10_aleatorio_D1_b.txt;10_aleatorio_D1_b_patience_sort_out.txt;patience_sort;10;aleatorio;si;0;16384
10_aleatorio_D1_b.txt;10_aleatorio_D1_b_std_sort_out.txt;std_sort;10;aleatorio;si;0;8192
10_aleatorio_D1_c.txt;10_aleatorio_D1_c_merge_sort_out.txt;merge_sort;10;aleatorio;si;0;8192
10_aleatorio_D1_c.txt;10_aleatorio_D1_c_quick_sort_out.txt;quick_sort;10;aleatorio;si;0;8192
10_aleatorio_D1_c.txt;10_aleatorio_D1_c_patience_sort_out.txt;patience_sort;10;aleatorio;si;0;8192
10_aleatorio_D1_c.txt;10_aleatorio_D1_c_std_sort_out.txt;std_sort;10;aleatorio;si;0;8192
10_aleatorio_D7_a.txt;10_aleatorio_D7_a_merge_sort_out.txt;merge_sort;10;aleatorio;si;0;8192
10_aleatorio_D7_a.txt;10_aleatorio_D7_a_quick_sort_out.txt;quick_sort;10;aleatorio;si;0;8192
10_aleatorio_D7_a.txt;10_aleatorio_D7_a_patience_sort_out.txt;patience_sort;10;aleatorio;si;0;8192
10_aleatorio_D7_a.txt;10_aleatorio_D7_a_std_sort_out.txt;std_sort;10;aleatorio;si;0;8192
10_aleatorio_D7_b.txt;10_aleatorio_D7_b_merge_sort_out.txt;merge_sort;10;aleatorio;si;0;8192
10_aleatorio_D7_b.txt;10_aleatorio_D7_b_quick_sort_out.txt;quick_sort;10;aleatorio;si;0;8192
10_aleatorio_D7_b.txt;10_aleatorio_D7_b_patience_sort_out.txt;patience_sort;10;aleatorio;si;0;8192
10_aleatorio_D7_b.txt;10_aleatorio_D7_b_std_sort_out.txt;std_sort;10;aleatorio;si;0;8192
10_aleatorio_D7_c.txt;10_aleatorio_D7_c_merge_sort_out.txt;merge_sort;10;aleatorio;si;0;8192
10_aleatorio_D7_c.txt;10_aleatorio_D7_c_quick_sort_out.txt;quick_sort;10;aleatorio;si;0;8192
10_aleatorio_D7_c.txt;10_aleatorio_D7_c_patience_sort_out.txt;patience_sort;10;aleatorio;si;0;8192
10_aleatorio_D7_c.txt;10_aleatorio_D7_c_std_sort_out.txt;std_sort;10;aleatorio;si;0;8192
10_ascendente_D1_a.txt;10_ascendente_D1_a_merge_sort_out.txt;merge_sort;10;ordenado;si;0;8192
10_ascendente_D1_a.txt;10_ascendente_D1_a_quick_sort_out.txt;quick_sort;10;ordenado;si;0;8192
10_ascendente_D1_a.txt;10_ascendente_D1_a_patience_sort_out.txt;patience_sort;10;ordenado;si;0;8192
10_ascendente_D1_a.txt;10_ascendente_D1_a_std_sort_out.txt;std_sort;10;ordenado;si;0;8192
10_ascendente_D1_b.txt;10_ascendente_D1_b_merge_sort_out.txt;merge_sort;10;ordenado;si;0;8192
10_ascendente_D1_b.txt;10_ascendente_D1_b_quick_sort_out.txt;quick_sort;10;ordenado;si;0;8192
10_ascendente_D1_b.txt;10_ascendente_D1_b_patience_sort_out.txt;patience_sort;10;ordenado;si;0;8192
10_ascendente_D1_b.txt;10_ascendente_D1_b_std_sort_out.txt;std_sort;10;ordenado;si;0;8192
10_ascendente_D1_c.txt;10_ascendente_D1_c_merge_sort_out.txt;merge_sort;10;ordenado;si;0;8192
10_ascendente_D1_c.txt;10_ascendente_D1_c_quick_sort_out.txt;quick_sort;10;ordenado;si;0;8192
10_ascendente_D1_c.txt;10_ascendente_D1_c_patience_sort_out.txt;patience_sort;10;ordenado;si;0;8192
10_ascendente_D1_c.txt;10_ascendente_D1_c_std_sort_out.txt;std_sort;10;ordenado;si;0;8192
10_ascendente_D7_a.txt;10_ascendente_D7_a_merge_sort_out.txt;merge_sort;10;ordenado;si;0;8192
10_ascendente_D7_a.txt;10_ascendente_D7_a_quick_sort_out.txt;quick_sort;10;ordenado;si;0;8192
10_ascendente_D7_a.txt;10_ascendente_D7_a_patience_sort_out.txt;patience_sort;10;ordenado;si;0;8192
10_ascendente_D7_a.txt;10_ascendente_D7_a_std_sort_out.txt;std_sort;10;ordenado;si;0;8192
10_ascendente_D7_b.txt;10_ascendente_D7_b_merge_sort_out.txt;merge_sort;10;ordenado;si;0;8192
10_ascendente_D7_b.txt;10_ascendente_D7_b_quick_sort_out.txt;quick_sort;10;ordenado;si;0;8192
10_ascendente_D7_b.txt;10_ascendente_D7_b_patience_sort_out.txt;patience_sort;10;ordenado;si;0;8192
10_ascendente_D7_b.txt;10_ascendente_D7_b_std_sort_out.txt;std_sort;10;ordenado;si;0;8192
10_ascendente_D7_c.txt;10_ascendente_D7_c_merge_sort_out.txt;merge_sort;10;ordenado;si;0;8192
10_ascendente_D7_c.txt;10_ascendente_D7_c_quick_sort_out.txt;quick_sort;10;ordenado;si;0;8192
10_ascendente_D7_c.txt;10_ascendente_D7_c_patience_sort_out.txt;patience_sort;10;ordenado;si;0;8192
10_ascendente_D7_c.txt;10_ascendente_D7_c_std_sort_out.txt;std_sort;10;ordenado;si;0;8192
10_descendente_D1_a.txt;10_descendente_D1_a_merge_sort_out.txt;merge_sort;10;decrecientemente;si;0;8192
10_descendente_D1_a.txt;10_descendente_D1_a_quick_sort_out.txt;quick_sort;10;decrecientemente;si;0;8192
10_descendente_D1_a.txt;10_descendente_D1_a_patience_sort_out.txt;patience_sort;10;decrecientemente;si;0;8192
10_descendente_D1_a.txt;10_descendente_D1_a_std_sort_out.txt;std_sort;10;decrecientemente;si;0;8192
10_descendente_D1_b.txt;10_descendente_D1_b_merge_sort_out.txt;merge_sort;10;decrecientemente;si;0;8192
10_descendente_D1_b.txt;10_descendente_D1_b_quick_sort_out.txt;quick_sort;10;decrecientemente;si;0;8192
10_descendente_D1_b.txt;10_descendente_D1_b_patience_sort_out.txt;patience_sort;10;decrecientemente;si;0;8192
10_descendente_D1_b.txt;10_descendente_D1_b_std_sort_out.txt;std_sort;10;decrecientemente;si;0;8192
10_descendente_D1_c.txt;10_descendente_D1_c_merge_sort_out.txt;merge_sort;10;decrecientemente;si;0;8192
10_descendente_D1_c.txt;10_descendente_D1_c_quick_sort_out.txt;quick_sort;10;decrecientemente;si;0;8192
10_descendente_D1_c.txt;10_descendente_D1_c_patience_sort_out.txt;patience_sort;10;decrecientemente;si;0;8192
10_descendente_D1_c.txt;10_descendente_D1_c_std_sort_out.txt;std_sort;10;decrecientemente;si;0;8192
10_descendente_D7_a.txt;10_descendente_D7_a_merge_sort_out.txt;merge_sort;10;decrecientemente;si;0;8192
10_descendente_D7_a.txt;10_descendente_D7_a_quick_sort_out.txt;quick_sort;10;decrecientemente;si;0;8192
10_descendente_D7_a.txt;10_descendente_D7_a_patience_sort_out.txt;patience_sort;10;decrecientemente;si;0;8192
10_descendente_D7_a.txt;10_descendente_D7_a_std_sort_out.txt;std_sort;10;decrecientemente;si;0;8192
10_descendente_D7_b.txt;10_descendente_D7_b_merge_sort_out.txt;merge_sort;10;decrecientemente;si;0;8192
10_descendente_D7_b.txt;10_descendente_D7_b_quick_sort_out.txt;quick_sort;10;decrecientemente;si;0;8192
10_descendente_D7_b.txt;10_descendente_D7_b_patience_sort_out.txt;patience_sort;10;decrecientemente;si;0;8192
10_descendente_D7_b.txt;10_descendente_D7_b_std_sort_out.txt;std_sort;10;decrecientemente;si;0;8192
10_descendente_D7_c.txt;10_descendente_D7_c_merge_sort_out.txt;merge_sort;10;decrecientemente;si;0;8192
10_descendente_D7_c.txt;10_descendente_D7_c_quick_sort_out.txt;quick_sort;10;decrecientemente;si;0;8192
10_descendente_D7_c.txt;10_descendente_D7_c_patience_sort_out.txt;patience_sort;10;decrecientemente;si;0;12288
10_descendente_D7_c.txt;10_descendente_D7_c_std_sort_out.txt;std_sort;10;decrecientemente;si;0;8192
