Archivo de entrada;Archivo de salida;Nombre del algoritmo;Tamano de la matriz;Caracteristica de la matriz;Tiempo;Memoria usada
1024_densa_D0_a_1.txt;1024_densa_D0_a_naive_out.txt;naive;1024x1024;densa;2316;4624384
1024_densa_D0_a_1.txt;1024_densa_D0_a_strassen_out.txt;strassen;1024x1024;densa;891;33726464
1024_densa_D0_b_1.txt;1024_densa_D0_b_naive_out.txt;naive;1024x1024;densa;2064;2936832
1024_densa_D0_b_1.txt;1024_densa_D0_b_strassen_out.txt;strassen;1024x1024;densa;764;33419264
1024_densa_D0_c_1.txt;1024_densa_D0_c_naive_out.txt;naive;1024x1024;densa;2060;1339392
1024_densa_D0_c_1.txt;1024_densa_D0_c_strassen_out.txt;strassen;1024x1024;densa;882;33787904
1024_densa_D10_a_1.txt;1024_densa_D10_a_naive_out.txt;naive;1024x1024;densa;2366;1339392
1024_densa_D10_a_1.txt;1024_densa_D10_a_strassen_out.txt;strassen;1024x1024;densa;621;33828864
1024_densa_D10_b_1.txt;1024_densa_D10_b_naive_out.txt;naive;1024x1024;densa;2287;1339392
1024_densa_D10_b_1.txt;1024_densa_D10_b_strassen_out.txt;strassen;1024x1024;densa;687;33595392
1024_densa_D10_c_1.txt;1024_densa_D10_c_naive_out.txt;naive;1024x1024;densa;2049;1331200
1024_densa_D10_c_1.txt;1024_densa_D10_c_strassen_out.txt;strassen;1024x1024;densa;829;33423360
1024_diagonal_D0_a_1.txt;1024_diagonal_D0_a_naive_out.txt;naive;1024x1024;diagonal;2169;1609728
1024_diagonal_D0_a_1.txt;1024_diagonal_D0_a_strassen_out.txt;strassen;1024x1024;diagonal;731;34025472
1024_diagonal_D0_b_1.txt;1024_diagonal_D0_b_naive_out.txt;naive;1024x1024;diagonal;2346;1073152
1024_diagonal_D0_b_1.txt;1024_diagonal_D0_b_strassen_out.txt;strassen;1024x1024;diagonal;913;33878016
1024_diagonal_D0_c_1.txt;1024_diagonal_D0_c_naive_out.txt;naive;1024x1024;diagonal;2885;1609728
1024_diagonal_D0_c_1.txt;1024_diagonal_D0_c_strassen_out.txt;strassen;1024x1024;diagonal;823;33849344
1024_diagonal_D10_a_1.txt;1024_diagonal_D10_a_naive_out.txt;naive;1024x1024;diagonal;2388;1609728
1024_diagonal_D10_a_1.txt;1024_diagonal_D10_a_strassen_out.txt;strassen;1024x1024;diagonal;796;33796096
1024_diagonal_D10_b_1.txt;1024_diagonal_D10_b_naive_out.txt;naive;1024x1024;diagonal;2289;1339392
1024_diagonal_D10_b_1.txt;1024_diagonal_D10_b_strassen_out.txt;strassen;1024x1024;diagonal;787;33447936
1024_diagonal_D10_c_1.txt;1024_diagonal_D10_c_naive_out.txt;naive;1024x1024;diagonal;1943;1343488
1024_diagonal_D10_c_1.txt;1024_diagonal_D10_c_strassen_out.txt;strassen;1024x1024;diagonal;872;33366016
1024_dispersa_D0_a_1.txt;1024_dispersa_D0_a_naive_out.txt;naive;1024x1024;dispersa;4363;1339392
1024_dispersa_D0_a_1.txt;1024_dispersa_D0_a_strassen_out.txt;strassen;1024x1024;dispersa;1748;33333248
1024_dispersa_D0_b_1.txt;1024_dispersa_D0_b_naive_out.txt;naive;1024x1024;dispersa;9140;1609728
1024_dispersa_D0_b_1.txt;1024_dispersa_D0_b_strassen_out.txt;strassen;1024x1024;dispersa;1022;33456128
1024_dispersa_D0_c_1.txt;1024_dispersa_D0_c_naive_out.txt;naive;1024x1024;dispersa;2011;1609728
1024_dispersa_D0_c_1.txt;1024_dispersa_D0_c_strassen_out.txt;strassen;1024x1024;dispersa;1636;33165312
1024_dispersa_D10_a_1.txt;1024_dispersa_D10_a_naive_out.txt;naive;1024x1024;dispersa;4517;1626112
1024_dispersa_D10_a_1.txt;1024_dispersa_D10_a_strassen_out.txt;strassen;1024x1024;dispersa;1705;33341440
1024_dispersa_D10_b_1.txt;1024_dispersa_D10_b_naive_out.txt;naive;1024x1024;dispersa;4353;32768
1024_dispersa_D10_b_1.txt;1024_dispersa_D10_b_strassen_out.txt;strassen;1024x1024;dispersa;1730;33935360
1024_dispersa_D10_c_1.txt;1024_dispersa_D10_c_naive_out.txt;naive;1024x1024;dispersa;4076;32768
1024_dispersa_D10_c_1.txt;1024_dispersa_D10_c_strassen_out.txt;strassen;1024x1024;dispersa;1745;33976320
16_densa_D0_a_1.txt;16_densa_D0_a_naive_out.txt;naive;16x16;densa;0;16384
16_densa_D0_a_1.txt;16_densa_D0_a_strassen_out.txt;strassen;16x16;densa;0;8192
16_densa_D0_b_1.txt;16_densa_D0_b_naive_out.txt;naive;16x16;densa;0;8192
16_densa_D0_b_1.txt;16_densa_D0_b_strassen_out.txt;strassen;16x16;densa;0;16384
16_densa_D0_c_1.txt;16_densa_D0_c_naive_out.txt;naive;16x16;densa;0;16384
16_densa_D0_c_1.txt;16_densa_D0_c_strassen_out.txt;strassen;16x16;densa;0;16384
16_densa_D10_a_1.txt;16_densa_D10_a_naive_out.txt;naive;16x16;densa;0;16384
16_densa_D10_a_1.txt;16_densa_D10_a_strassen_out.txt;strassen;16x16;densa;0;16384
16_densa_D10_b_1.txt;16_densa_D10_b_naive_out.txt;naive;16x16;densa;0;8192
16_densa_D10_b_1.txt;16_densa_D10_b_strassen_out.txt;strassen;16x16;densa;0;16384
16_densa_D10_c_1.txt;16_densa_D10_c_naive_out.txt;naive;16x16;densa;0;16384
16_densa_D10_c_1.txt;16_densa_D10_c_strassen_out.txt;strassen;16x16;densa;0;16384
16_diagonal_D0_a_1.txt;16_diagonal_D0_a_naive_out.txt;naive;16x16;diagonal;0;16384
16_diagonal_D0_a_1.txt;16_diagonal_D0_a_strassen_out.txt;strassen;16x16;diagonal;0;16384
16_diagonal_D0_b_1.txt;16_diagonal_D0_b_naive_out.txt;naive;16x16;diagonal;0;16384
16_diagonal_D0_b_1.txt;16_diagonal_D0_b_strassen_out.txt;strassen;16x16;diagonal;0;16384
16_diagonal_D0_c_1.txt;16_diagonal_D0_c_naive_out.txt;naive;16x16;diagonal;0;8192
16_diagonal_D0_c_1.txt;16_diagonal_D0_c_strassen_out.txt;strassen;16x16;diagonal;0;12288
16_diagonal_D10_a_1.txt;16_diagonal_D10_a_naive_out.txt;naive;16x16;diagonal;0;12288
16_diagonal_D10_a_1.txt;16_diagonal_D10_a_strassen_out.txt;strassen;16x16;diagonal;0;16384
16_diagonal_D10_b_1.txt;16_diagonal_D10_b_naive_out.txt;naive;16x16;diagonal;0;16384
16_diagonal_D10_b_1.txt;16_diagonal_D10_b_strassen_out.txt;strassen;16x16;diagonal;0;16384
16_diagonal_D10_c_1.txt;16_diagonal_D10_c_naive_out.txt;naive;16x16;diagonal;0;16384
16_diagonal_D10_c_1.txt;16_diagonal_D10_c_strassen_out.txt;strassen;16x16;diagonal;0;16384
16_dispersa_D0_a_1.txt;16_dispersa_D0_a_naive_out.txt;naive;16x16;dispersa;0;16384
16_dispersa_D0_a_1.txt;16_dispersa_D0_a_strassen_out.txt;strassen;16x16;dispersa;0;12288
16_dispersa_D0_b_1.txt;16_dispersa_D0_b_naive_out.txt;naive;16x16;dispersa;0;8192
16_dispersa_D0_b_1.txt;16_dispersa_D0_b_strassen_out.txt;strassen;16x16;dispersa;0;16384
16_dispersa_D0_c_1.txt;16_dispersa_D0_c_naive_out.txt;naive;16x16;dispersa;0;16384
16_dispersa_D0_c_1.txt;16_dispersa_D0_c_strassen_out.txt;strassen;16x16;dispersa;0;16384
16_dispersa_D10_a_1.txt;16_dispersa_D10_a_naive_out.txt;naive;16x16;dispersa;0;8192
16_dispersa_D10_a_1.txt;16_dispersa_D10_a_strassen_out.txt;strassen;16x16;dispersa;0;16384
16_dispersa_D10_b_1.txt;16_dispersa_D10_b_naive_out.txt;naive;16x16;dispersa;0;16384
16_dispersa_D10_b_1.txt;16_dispersa_D10_b_strassen_out.txt;strassen;16x16;dispersa;0;16384
16_dispersa_D10_c_1.txt;16_dispersa_D10_c_naive_out.txt;naive;16x16;dispersa;0;16384
16_dispersa_D10_c_1.txt;16_dispersa_D10_c_strassen_out.txt;strassen;16x16;dispersa;0;16384
256_densa_D0_a_1.txt;256_densa_D0_a_naive_out.txt;naive;256x256;densa;40;147456
256_densa_D0_a_1.txt;256_densa_D0_a_strassen_out.txt;strassen;256x256;densa;42;1736704
256_densa_D0_b_1.txt;256_densa_D0_b_naive_out.txt;naive;256x256;densa;40;28672
256_densa_D0_b_1.txt;256_densa_D0_b_strassen_out.txt;strassen;256x256;densa;41;1736704
256_densa_D0_c_1.txt;256_densa_D0_c_naive_out.txt;naive;256x256;densa;44;28672
256_densa_D0_c_1.txt;256_densa_D0_c_strassen_out.txt;strassen;256x256;densa;36;1724416
256_densa_D10_a_1.txt;256_densa_D10_a_naive_out.txt;naive;256x256;densa;39;53248
256_densa_D10_a_1.txt;256_densa_D10_a_strassen_out.txt;strassen;256x256;densa;37;1740800
256_densa_D10_b_1.txt;256_densa_D10_b_naive_out.txt;naive;256x256;densa;40;16384
256_densa_D10_b_1.txt;256_densa_D10_b_strassen_out.txt;strassen;256x256;densa;36;1712128
256_densa_D10_c_1.txt;256_densa_D10_c_naive_out.txt;naive;256x256;densa;41;139264
256_densa_D10_c_1.txt;256_densa_D10_c_strassen_out.txt;strassen;256x256;densa;38;1724416
256_diagonal_D0_a_1.txt;256_diagonal_D0_a_naive_out.txt;naive;256x256;diagonal;40;147456
256_diagonal_D0_a_1.txt;256_diagonal_D0_a_strassen_out.txt;strassen;256x256;diagonal;39;1753088
256_diagonal_D0_b_1.txt;256_diagonal_D0_b_naive_out.txt;naive;256x256;diagonal;39;16384
256_diagonal_D0_b_1.txt;256_diagonal_D0_b_strassen_out.txt;strassen;256x256;diagonal;38;1794048
256_diagonal_D0_c_1.txt;256_diagonal_D0_c_naive_out.txt;naive;256x256;diagonal;40;159744
256_diagonal_D0_c_1.txt;256_diagonal_D0_c_strassen_out.txt;strassen;256x256;diagonal;43;1921024
256_diagonal_D10_a_1.txt;256_diagonal_D10_a_naive_out.txt;naive;256x256;diagonal;40;28672
256_diagonal_D10_a_1.txt;256_diagonal_D10_a_strassen_out.txt;strassen;256x256;diagonal;38;1781760
256_diagonal_D10_b_1.txt;256_diagonal_D10_b_naive_out.txt;naive;256x256;diagonal;39;159744
256_diagonal_D10_b_1.txt;256_diagonal_D10_b_strassen_out.txt;strassen;256x256;diagonal;37;1687552
256_diagonal_D10_c_1.txt;256_diagonal_D10_c_naive_out.txt;naive;256x256;diagonal;39;28672
256_diagonal_D10_c_1.txt;256_diagonal_D10_c_strassen_out.txt;strassen;256x256;diagonal;38;1916928
256_dispersa_D0_a_1.txt;256_dispersa_D0_a_naive_out.txt;naive;256x256;dispersa;41;290816
256_dispersa_D0_a_1.txt;256_dispersa_D0_a_strassen_out.txt;strassen;256x256;dispersa;40;1708032
256_dispersa_D0_b_1.txt;256_dispersa_D0_b_naive_out.txt;naive;256x256;dispersa;41;28672
256_dispersa_D0_b_1.txt;256_dispersa_D0_b_strassen_out.txt;strassen;256x256;dispersa;41;1859584
256_dispersa_D0_c_1.txt;256_dispersa_D0_c_naive_out.txt;naive;256x256;dispersa;86;28672
256_dispersa_D0_c_1.txt;256_dispersa_D0_c_strassen_out.txt;strassen;256x256;dispersa;39;1708032
256_dispersa_D10_a_1.txt;256_dispersa_D10_a_naive_out.txt;naive;256x256;dispersa;42;28672
256_dispersa_D10_a_1.txt;256_dispersa_D10_a_strassen_out.txt;strassen;256x256;dispersa;36;1900544
256_dispersa_D10_b_1.txt;256_dispersa_D10_b_naive_out.txt;naive;256x256;dispersa;40;28672
256_dispersa_D10_b_1.txt;256_dispersa_D10_b_strassen_out.txt;strassen;256x256;dispersa;38;1884160
256_dispersa_D10_c_1.txt;256_dispersa_D10_c_naive_out.txt;naive;256x256;dispersa;41;28672
256_dispersa_D10_c_1.txt;256_dispersa_D10_c_strassen_out.txt;strassen;256x256;dispersa;37;1859584
64_densa_D0_a_1.txt;64_densa_D0_a_naive_out.txt;naive;64x64;densa;0;32768
64_densa_D0_a_1.txt;64_densa_D0_a_strassen_out.txt;strassen;64x64;densa;0;28672
64_densa_D0_b_1.txt;64_densa_D0_b_naive_out.txt;naive;64x64;densa;0;16384
64_densa_D0_b_1.txt;64_densa_D0_b_strassen_out.txt;strassen;64x64;densa;0;16384
64_densa_D0_c_1.txt;64_densa_D0_c_naive_out.txt;naive;64x64;densa;0;16384
64_densa_D0_c_1.txt;64_densa_D0_c_strassen_out.txt;strassen;64x64;densa;0;16384
64_densa_D10_a_1.txt;64_densa_D10_a_naive_out.txt;naive;64x64;densa;0;16384
64_densa_D10_a_1.txt;64_densa_D10_a_strassen_out.txt;strassen;64x64;densa;0;16384
64_densa_D10_b_1.txt;64_densa_D10_b_naive_out.txt;naive;64x64;densa;0;16384
64_densa_D10_b_1.txt;64_densa_D10_b_strassen_out.txt;strassen;64x64;densa;0;16384
64_densa_D10_c_1.txt;64_densa_D10_c_naive_out.txt;naive;64x64;densa;0;16384
64_densa_D10_c_1.txt;64_densa_D10_c_strassen_out.txt;strassen;64x64;densa;0;16384
64_diagonal_D0_a_1.txt;64_diagonal_D0_a_naive_out.txt;naive;64x64;diagonal;0;16384
64_diagonal_D0_a_1.txt;64_diagonal_D0_a_strassen_out.txt;strassen;64x64;diagonal;0;16384
64_diagonal_D0_b_1.txt;64_diagonal_D0_b_naive_out.txt;naive;64x64;diagonal;0;16384
64_diagonal_D0_b_1.txt;64_diagonal_D0_b_strassen_out.txt;strassen;64x64;diagonal;0;16384
64_diagonal_D0_c_1.txt;64_diagonal_D0_c_naive_out.txt;naive;64x64;diagonal;0;16384
64_diagonal_D0_c_1.txt;64_diagonal_D0_c_strassen_out.txt;strassen;64x64;diagonal;0;16384
64_diagonal_D10_a_1.txt;64_diagonal_D10_a_naive_out.txt;naive;64x64;diagonal;0;16384
64_diagonal_D10_a_1.txt;64_diagonal_D10_a_strassen_out.txt;strassen;64x64;diagonal;0;12288
64_diagonal_D10_b_1.txt;64_diagonal_D10_b_naive_out.txt;naive;64x64;diagonal;2;16384
64_diagonal_D10_b_1.txt;64_diagonal_D10_b_strassen_out.txt;strassen;64x64;diagonal;0;16384
64_diagonal_D10_c_1.txt;64_diagonal_D10_c_naive_out.txt;naive;64x64;diagonal;0;16384
64_diagonal_D10_c_1.txt;64_diagonal_D10_c_strassen_out.txt;strassen;64x64;diagonal;1;16384
64_dispersa_D0_a_1.txt;64_dispersa_D0_a_naive_out.txt;naive;64x64;dispersa;0;16384
64_dispersa_D0_a_1.txt;64_dispersa_D0_a_strassen_out.txt;strassen;64x64;dispersa;0;16384
64_dispersa_D0_b_1.txt;64_dispersa_D0_b_naive_out.txt;naive;64x64;dispersa;0;16384
64_dispersa_D0_b_1.txt;64_dispersa_D0_b_strassen_out.txt;strassen;64x64;dispersa;0;16384
64_dispersa_D0_c_1.txt;64_dispersa_D0_c_naive_out.txt;naive;64x64;dispersa;0;16384
64_dispersa_D0_c_1.txt;64_dispersa_D0_c_strassen_out.txt;strassen;64x64;dispersa;0;16384
64_dispersa_D10_a_1.txt;64_dispersa_D10_a_naive_out.txt;naive;64x64;dispersa;0;16384
64_dispersa_D10_a_1.txt;64_dispersa_D10_a_strassen_out.txt;strassen;64x64;dispersa;0;16384
64_dispersa_D10_b_1.txt;64_dispersa_D10_b_naive_out.txt;naive;64x64;dispersa;0;16384
64_dispersa_D10_b_1.txt;64_dispersa_D10_b_strassen_out.txt;strassen;64x64;dispersa;0;16384
64_dispersa_D10_c_1.txt;64_dispersa_D10_c_naive_out.txt;naive;64x64;dispersa;0;16384
64_dispersa_D10_c_1.txt;64_dispersa_D10_c_strassen_out.txt;strassen;64x64;dispersa;0;16384
